<?xml version="1.0" encoding="UTF-8"?>
<configurationDescriptor version="65">
  <logicalFolder name="root" displayName="root" projectFiles="true">
    <logicalFolder name="HeaderFiles"
                   displayName="Header Files"
                   projectFiles="true">
      <logicalFolder name="bsp" displayName="bsp" projectFiles="true">
        <itemPath>bsp/button_simple.h</itemPath>
        <itemPath>bsp/led0.h</itemPath>
        <itemPath>bsp/led1.h</itemPath>
        <itemPath>bsp/led2.h</itemPath>
        <itemPath>bsp/led3.h</itemPath>
        <itemPath>bsp/led4.h</itemPath>
        <itemPath>bsp/led5.h</itemPath>
        <itemPath>bsp/led6.h</itemPath>
        <itemPath>bsp/led7.h</itemPath>
        <itemPath>bsp/led_blue.h</itemPath>
        <itemPath>bsp/led_color.h</itemPath>
        <itemPath>bsp/led_dimmable.h</itemPath>
        <itemPath>bsp/led_green.h</itemPath>
        <itemPath>bsp/led_red.h</itemPath>
        <itemPath>bsp/led_rgb.h</itemPath>
        <itemPath>bsp/led_simple.h</itemPath>
        <itemPath>bsp/pot.h</itemPath>
        <itemPath>bsp/s1.h</itemPath>
        <itemPath>bsp/s2.h</itemPath>
        <itemPath>bsp/s3.h</itemPath>
        <itemPath>bsp/task.h</itemPath>
      </logicalFolder>
      <logicalFolder name="MCC Generated Files"
                     displayName="MCC Generated Files"
                     projectFiles="true">
        <logicalFolder name="adc" displayName="adc" projectFiles="true">
          <itemPath>mcc_generated_files/adc/adc_types.h</itemPath>
          <itemPath>mcc_generated_files/adc/adc_features.h</itemPath>
          <itemPath>mcc_generated_files/adc/adc_interface.h</itemPath>
          <itemPath>mcc_generated_files/adc/adc1.h</itemPath>
        </logicalFolder>
        <logicalFolder name="external_interrupt"
                       displayName="external_interrupt"
                       projectFiles="true">
          <itemPath>mcc_generated_files/external_interrupt/ext_int_interface.h</itemPath>
          <itemPath>mcc_generated_files/external_interrupt/ext_int.h</itemPath>
          <itemPath>mcc_generated_files/external_interrupt/ext_int_types.h</itemPath>
        </logicalFolder>
        <logicalFolder name="i2c_host" displayName="i2c_host" projectFiles="true">
          <itemPath>mcc_generated_files/i2c_host/i2c_host_interface.h</itemPath>
          <itemPath>mcc_generated_files/i2c_host/i2c2.h</itemPath>
          <itemPath>mcc_generated_files/i2c_host/i2c_host_types.h</itemPath>
        </logicalFolder>
        <logicalFolder name="pwm_hs" displayName="pwm_hs" projectFiles="true">
          <itemPath>mcc_generated_files/pwm_hs/pwm_hs_interface.h</itemPath>
          <itemPath>mcc_generated_files/pwm_hs/pwm_features.h</itemPath>
          <itemPath>mcc_generated_files/pwm_hs/pwm.h</itemPath>
          <itemPath>mcc_generated_files/pwm_hs/pwm_hs_types.h</itemPath>
        </logicalFolder>
        <logicalFolder name="spi_host" displayName="spi_host" projectFiles="true">
          <itemPath>mcc_generated_files/spi_host/spi1.h</itemPath>
          <itemPath>mcc_generated_files/spi_host/spi_host_interface.h</itemPath>
        </logicalFolder>
        <logicalFolder name="system" displayName="system" projectFiles="true">
          <itemPath>mcc_generated_files/system/traps.h</itemPath>
          <itemPath>mcc_generated_files/system/dmt.h</itemPath>
          <itemPath>mcc_generated_files/system/clock_types.h</itemPath>
          <itemPath>mcc_generated_files/system/interrupt_types.h</itemPath>
          <itemPath>mcc_generated_files/system/interrupt.h</itemPath>
          <itemPath>mcc_generated_files/system/system.h</itemPath>
          <itemPath>mcc_generated_files/system/pins.h</itemPath>
          <itemPath>mcc_generated_files/system/reset.h</itemPath>
          <itemPath>mcc_generated_files/system/watchdog.h</itemPath>
          <itemPath>mcc_generated_files/system/clock.h</itemPath>
          <itemPath>mcc_generated_files/system/reset_types.h</itemPath>
        </logicalFolder>
        <logicalFolder name="timer" displayName="timer" projectFiles="true">
          <itemPath>mcc_generated_files/timer/sccp1.h</itemPath>
          <itemPath>mcc_generated_files/timer/tmr1.h</itemPath>
          <itemPath>mcc_generated_files/timer/timer_interface.h</itemPath>
          <itemPath>mcc_generated_files/timer/sccp2.h</itemPath>
          <itemPath>mcc_generated_files/timer/delay.h</itemPath>
        </logicalFolder>
        <logicalFolder name="uart" displayName="uart" projectFiles="true">
          <itemPath>mcc_generated_files/uart/uart1.h</itemPath>
          <itemPath>mcc_generated_files/uart/uart_interface.h</itemPath>
          <itemPath>mcc_generated_files/uart/uart_types.h</itemPath>
        </logicalFolder>
      </logicalFolder>
      <logicalFolder name="SSD1327" displayName="SSD1327" projectFiles="true">
        <itemPath>SSD1327/SSD1327.h</itemPath>
        <itemPath>SSD1327/font16x16.h</itemPath>
        <itemPath>SSD1327/font16x32.h</itemPath>
        <itemPath>SSD1327/font8x8_basic.h</itemPath>
        <itemPath>SSD1327/logo.h</itemPath>
      </logicalFolder>
    </logicalFolder>
    <logicalFolder name="ExternalFiles"
                   displayName="Important Files"
                   projectFiles="true">
      <itemPath>Makefile</itemPath>
      <itemPath>moco_dspic33A_test.mc3</itemPath>
    </logicalFolder>
    <logicalFolder name="LinkerScript"
                   displayName="Linker Files"
                   projectFiles="true">
    </logicalFolder>
    <logicalFolder name="SourceFiles"
                   displayName="Source Files"
                   projectFiles="true">
      <logicalFolder name="bsp" displayName="bsp" projectFiles="true">
        <itemPath>bsp/led0.c</itemPath>
        <itemPath>bsp/led1.c</itemPath>
        <itemPath>bsp/led2.c</itemPath>
        <itemPath>bsp/led3.c</itemPath>
        <itemPath>bsp/led4.c</itemPath>
        <itemPath>bsp/led5.c</itemPath>
        <itemPath>bsp/led6.c</itemPath>
        <itemPath>bsp/led7.c</itemPath>
        <itemPath>bsp/led_blue.c</itemPath>
        <itemPath>bsp/led_green.c</itemPath>
        <itemPath>bsp/led_red.c</itemPath>
        <itemPath>bsp/led_rgb.c</itemPath>
        <itemPath>bsp/pot.c</itemPath>
        <itemPath>bsp/s1.c</itemPath>
        <itemPath>bsp/s2.c</itemPath>
        <itemPath>bsp/s3.c</itemPath>
        <itemPath>bsp/task.c</itemPath>
      </logicalFolder>
      <logicalFolder name="MCC Generated Files"
                     displayName="MCC Generated Files"
                     projectFiles="true">
        <logicalFolder name="adc" displayName="adc" projectFiles="true">
          <logicalFolder name="src" displayName="src" projectFiles="true">
            <itemPath>mcc_generated_files/adc/src/adc1.c</itemPath>
          </logicalFolder>
        </logicalFolder>
        <logicalFolder name="external_interrupt"
                       displayName="external_interrupt"
                       projectFiles="true">
          <logicalFolder name="src" displayName="src" projectFiles="true">
            <itemPath>mcc_generated_files/external_interrupt/src/ext_int.c</itemPath>
          </logicalFolder>
        </logicalFolder>
        <logicalFolder name="i2c_host" displayName="i2c_host" projectFiles="true">
          <logicalFolder name="src" displayName="src" projectFiles="true">
            <itemPath>mcc_generated_files/i2c_host/src/i2c2.c</itemPath>
          </logicalFolder>
        </logicalFolder>
        <logicalFolder name="pwm_hs" displayName="pwm_hs" projectFiles="true">
          <logicalFolder name="src" displayName="src" projectFiles="true">
            <itemPath>mcc_generated_files/pwm_hs/src/pwm.c</itemPath>
          </logicalFolder>
        </logicalFolder>
        <logicalFolder name="spi_host" displayName="spi_host" projectFiles="true">
          <logicalFolder name="src" displayName="src" projectFiles="true">
            <itemPath>mcc_generated_files/spi_host/src/spi1.c</itemPath>
          </logicalFolder>
        </logicalFolder>
        <logicalFolder name="system" displayName="system" projectFiles="true">
          <logicalFolder name="src" displayName="src" projectFiles="true">
            <itemPath>mcc_generated_files/system/src/dmt.c</itemPath>
            <itemPath>mcc_generated_files/system/src/reset.c</itemPath>
            <itemPath>mcc_generated_files/system/src/clock.c</itemPath>
            <itemPath>mcc_generated_files/system/src/traps.c</itemPath>
            <itemPath>mcc_generated_files/system/src/interrupt.c</itemPath>
            <itemPath>mcc_generated_files/system/src/pins.c</itemPath>
            <itemPath>mcc_generated_files/system/src/system.c</itemPath>
            <itemPath>mcc_generated_files/system/src/dmt_asm.s</itemPath>
          </logicalFolder>
        </logicalFolder>
        <logicalFolder name="timer" displayName="timer" projectFiles="true">
          <logicalFolder name="src" displayName="src" projectFiles="true">
            <itemPath>mcc_generated_files/timer/src/sccp1.c</itemPath>
            <itemPath>mcc_generated_files/timer/src/tmr1.c</itemPath>
            <itemPath>mcc_generated_files/timer/src/delay.c</itemPath>
            <itemPath>mcc_generated_files/timer/src/sccp2.c</itemPath>
          </logicalFolder>
        </logicalFolder>
        <logicalFolder name="uart" displayName="uart" projectFiles="true">
          <logicalFolder name="src" displayName="src" projectFiles="true">
            <itemPath>mcc_generated_files/uart/src/uart1.c</itemPath>
          </logicalFolder>
        </logicalFolder>
      </logicalFolder>
      <logicalFolder name="SSD1327" displayName="SSD1327" projectFiles="true">
        <itemPath>SSD1327/SSD1327.c</itemPath>
      </logicalFolder>
      <itemPath>main.c</itemPath>
    </logicalFolder>
  </logicalFolder>
  <sourceRootList>
    <Elem>SSD1327</Elem>
    <Elem>bsp</Elem>
  </sourceRootList>
  <projectmakefile>Makefile</projectmakefile>
  <confs>
    <conf name="default" type="2">
      <toolsSet>
        <developmentServer>localhost</developmentServer>
        <targetDevice>dsPIC33AK128MC106</targetDevice>
        <targetHeader></targetHeader>
        <targetPluginBoard></targetPluginBoard>
        <platformTool>pkob4hybrid</platformTool>
        <languageToolchain>XCDSC</languageToolchain>
        <languageToolchainVersion>3.00</languageToolchainVersion>
        <platform>3</platform>
      </toolsSet>
      <packs>
        <pack name="dsPIC33AK-MC_DFP" vendor="Microchip" version="1.0.33"/>
      </packs>
      <ScriptingSettings>
      </ScriptingSettings>
      <compileType>
        <linkerTool>
          <linkerLibItems>
          </linkerLibItems>
        </linkerTool>
        <archiverTool>
        </archiverTool>
        <loading>
          <useAlternateLoadableFile>false</useAlternateLoadableFile>
          <parseOnProdLoad>true</parseOnProdLoad>
          <alternateLoadableFile></alternateLoadableFile>
        </loading>
        <subordinates>
        </subordinates>
      </compileType>
      <makeCustomizationType>
        <makeCustomizationPreStepEnabled>false</makeCustomizationPreStepEnabled>
        <makeUseCleanTarget>false</makeUseCleanTarget>
        <makeCustomizationPreStep></makeCustomizationPreStep>
        <makeCustomizationPostStepEnabled>false</makeCustomizationPostStepEnabled>
        <makeCustomizationPostStep></makeCustomizationPostStep>
        <makeCustomizationPutChecksumInUserID>false</makeCustomizationPutChecksumInUserID>
        <makeCustomizationEnableLongLines>false</makeCustomizationEnableLongLines>
        <makeCustomizationNormalizeHexFile>false</makeCustomizationNormalizeHexFile>
      </makeCustomizationType>
      <C30>
        <property key="cast-align" value="false"/>
        <property key="code-model" value="default"/>
        <property key="const-model" value="default"/>
        <property key="data-model" value="default"/>
        <property key="disable-instruction-scheduling" value="false"/>
        <property key="enable-all-warnings" value="true"/>
        <property key="enable-ansi-std" value="false"/>
        <property key="enable-ansi-warnings" value="false"/>
        <property key="enable-fatal-warnings" value="false"/>
        <property key="enable-large-arrays" value="false"/>
        <property key="enable-omit-frame-pointer" value="false"/>
        <property key="enable-procedural-abstraction" value="false"/>
        <property key="enable-short-double" value="false"/>
        <property key="enable-symbols" value="true"/>
        <property key="enable-unroll-loops" value="false"/>
        <property key="expand-pragma-config" value="false"/>
        <property key="extra-include-directories" value=""/>
        <property key="isolate-each-function" value="false"/>
        <property key="keep-inline" value="false"/>
        <property key="oXC16gcc-cnsts-mauxflash" value="false"/>
        <property key="oXC16gcc-data-sects" value="false"/>
        <property key="oXC16gcc-errata" value=""/>
        <property key="oXC16gcc-fillupper" value=""/>
        <property key="oXC16gcc-large-aggregate" value="false"/>
        <property key="oXC16gcc-mauxflash" value="false"/>
        <property key="oXC16gcc-mpa-lvl" value=""/>
        <property key="oXC16gcc-name-text-sec" value=""/>
        <property key="oXC16gcc-near-chars" value="false"/>
        <property key="oXC16gcc-no-isr-warn" value="false"/>
        <property key="oXC16gcc-sfr-warn" value="false"/>
        <property key="oXC16gcc-smar-io-lvl" value="1"/>
        <property key="oXC16gcc-smart-io-fmt" value=""/>
        <property key="optimization-level" value="0"/>
        <property key="post-instruction-scheduling" value="default"/>
        <property key="pre-instruction-scheduling" value="default"/>
        <property key="preprocessor-macros" value=""/>
        <property key="scalar-model" value="default"/>
        <property key="use-cci" value="false"/>
        <property key="use-iar" value="false"/>
      </C30>
      <C30-AR>
        <property key="additional-options-chop-files" value="false"/>
      </C30-AR>
      <C30-AS>
        <property key="assembler-symbols" value=""/>
        <property key="expand-macros" value="false"/>
        <property key="extra-include-directories-for-assembler" value=""/>
        <property key="extra-include-directories-for-preprocessor" value=""/>
        <property key="false-conditionals" value="false"/>
        <property key="keep-locals" value="false"/>
        <property key="list-assembly" value="false"/>
        <property key="list-section-info" value="false"/>
        <property key="list-source" value="false"/>
        <property key="list-symbols" value="false"/>
        <property key="oXC16asm-extra-opts" value=""/>
        <property key="oXC16asm-list-to-file" value="false"/>
        <property key="omit-debug-dirs" value="false"/>
        <property key="omit-forms" value="false"/>
        <property key="preprocessor-macros" value=""/>
        <property key="relax" value="false"/>
        <property key="warning-level" value="emit-warnings"/>
      </C30-AS>
      <C30-CO>
        <property key="coverage-enable" value=""/>
        <property key="stack-guidance" value="false"/>
      </C30-CO>
      <C30-LD>
        <property key="additional-options-use-response-files" value="false"/>
        <property key="boot-eeprom" value="no_eeprom"/>
        <property key="boot-flash" value="no_flash"/>
        <property key="boot-ram" value="no_ram"/>
        <property key="boot-write-protect" value="no_write_protect"/>
        <property key="enable-check-sections" value="false"/>
        <property key="enable-data-init" value="true"/>
        <property key="enable-default-isr" value="true"/>
        <property key="enable-handles" value="true"/>
        <property key="enable-pack-data" value="true"/>
        <property key="extra-lib-directories"
                  value="E:\Program Files\Microchip\xc-dsc\v3.20\lib;E:\Program Files\Microchip\xc-dsc\v3.20\lib\"/>
        <property key="fill-flash-options-addr" value=""/>
        <property key="fill-flash-options-const" value=""/>
        <property key="fill-flash-options-how" value="0"/>
        <property key="fill-flash-options-inc-const" value="1"/>
        <property key="fill-flash-options-increment" value=""/>
        <property key="fill-flash-options-seq" value=""/>
        <property key="fill-flash-options-what" value="0"/>
        <property key="general-code-protect" value="no_code_protect"/>
        <property key="general-write-protect" value="no_write_protect"/>
        <property key="generate-cross-reference-file" value="false"/>
        <property key="heap-size" value=""/>
        <property key="input-libraries" value=""/>
        <property key="linker-stack" value="true"/>
        <property key="linker-symbols" value=""/>
        <property key="map-file" value="${DISTDIR}/${PROJECTNAME}.${IMAGE_TYPE}.map"/>
        <property key="no-ivt" value="false"/>
        <property key="oXC16ld-extra-opts" value="-lq"/>
        <property key="oXC16ld-fill-upper" value="0"/>
        <property key="oXC16ld-force-link" value="false"/>
        <property key="oXC16ld-no-smart-io" value="false"/>
        <property key="oXC16ld-nostdlib" value="false"/>
        <property key="oXC16ld-stackguard" value="16"/>
        <property key="preprocessor-macros" value=""/>
        <property key="psv-override" value="false"/>
        <property key="remove-unused-sections" value="false"/>
        <property key="report-memory-usage" value="true"/>
        <property key="secure-eeprom" value="no_eeprom"/>
        <property key="secure-flash" value="no_flash"/>
        <property key="secure-ram" value="no_ram"/>
        <property key="secure-write-protect" value="no_write_protect"/>
        <property key="stack-size" value="16"/>
        <property key="symbol-stripping" value=""/>
        <property key="trace-symbols" value=""/>
        <property key="warn-section-align" value="false"/>
      </C30-LD>
      <C30Global>
        <property key="combine-sourcefiles" value="false"/>
        <property key="common-include-directories" value=""/>
        <property key="dual-boot-partition" value="0"/>
        <property key="fast-math" value="false"/>
        <property key="generic-16-bit" value="false"/>
        <property key="legacy-libc" value="true"/>
        <property key="mpreserve-all" value="false"/>
        <property key="oXC16glb-macros" value=""/>
        <property key="omit-pack-options" value="1"/>
        <property key="output-file-format" value="elf"/>
        <property key="preserve-all" value="false"/>
        <property key="preserve-file" value=""/>
        <property key="relaxed-math" value="false"/>
        <property key="save-temps" value="false"/>
      </C30Global>
      <Tool>
        <property key="ADC1" value="true"/>
        <property key="ADC2" value="true"/>
        <property key="AutoSelectMemRanges" value="auto"/>
        <property key="BISS1" value="true"/>
        <property key="CCP 1" value="true"/>
        <property key="CCP 2" value="true"/>
        <property key="CCP 3" value="true"/>
        <property key="CCP 4" value="true"/>
        <property key="CHANGE NOTICE A" value="true"/>
        <property key="CHANGE NOTICE B" value="true"/>
        <property key="CHANGE NOTICE C" value="true"/>
        <property key="CHANGE NOTICE D" value="true"/>
        <property key="CLC" value="true"/>
        <property key="CM1" value="true"/>
        <property key="CM2" value="true"/>
        <property key="CM3" value="true"/>
        <property key="CM4" value="true"/>
        <property key="CRC" value="true"/>
        <property key="DAC" value="true"/>
        <property key="DMA" value="true"/>
        <property key="FRZ" value="true"/>
        <property key="Freeze All Other Peripherals" value="true"/>
        <property key="HPC" value="true"/>
        <property key="I2C1" value="true"/>
        <property key="I2C2" value="true"/>
        <property key="IOIM1" value="true"/>
        <property key="IOIM2" value="true"/>
        <property key="IOIM3" value="true"/>
        <property key="IOIM4" value="true"/>
        <property key="NVMCRC" value="true"/>
        <property key="NVMECC" value="true"/>
        <property key="PG1" value="true"/>
        <property key="PG2" value="true"/>
        <property key="PG3" value="true"/>
        <property key="PG4" value="true"/>
        <property key="PTG" value="true"/>
        <property key="QEI1" value="true"/>
        <property key="RAMXECC" value="true"/>
        <property key="RAMYECC" value="true"/>
        <property key="SENT1" value="true"/>
        <property key="SENT2" value="true"/>
        <property key="SPI1" value="true"/>
        <property key="SPI2" value="true"/>
        <property key="SPI3" value="true"/>
        <property key="SecureSegment.SegmentProgramming" value="FullChipProgramming"/>
        <property key="TIMER1" value="true"/>
        <property key="ToolFirmwareFilePath"
                  value="Press to browse for a specific firmware version"/>
        <property key="ToolFirmwareOption.UpdateOptions"
                  value="ToolFirmwareOption.UseLatest"/>
        <property key="ToolFirmwareToolPack"
                  value="Press to select which tool pack to use"/>
        <property key="UART1" value="true"/>
        <property key="UART2" value="true"/>
        <property key="UART3" value="true"/>
        <property key="communication.activationmode" value="nohv"/>
        <property key="communication.interface" value=""/>
        <property key="communication.interface.jtag" value="2wire"/>
        <property key="communication.speed" value="${communication.speed.default}"/>
        <property key="debugoptions.debug-startup" value="Use system settings"/>
        <property key="debugoptions.reset-behaviour" value="Use system settings"/>
        <property key="debugoptions.simultaneous.debug" value="false"/>
        <property key="debugoptions.useswbreakpoints" value="false"/>
        <property key="event.recorder.debugger.behavior" value="Running"/>
        <property key="event.recorder.enabled" value="false"/>
        <property key="event.recorder.scvd.files" value=""/>
        <property key="freeze.timers" value="false"/>
        <property key="lastid" value=""/>
        <property key="memories.aux" value="false"/>
        <property key="memories.bootflash" value="true"/>
        <property key="memories.configurationmemory" value="true"/>
        <property key="memories.configurationmemory2" value="true"/>
        <property key="memories.dataflash" value="true"/>
        <property key="memories.eeprom" value="true"/>
        <property key="memories.exclude.configurationmemory" value="true"/>
        <property key="memories.flashdata" value="true"/>
        <property key="memories.id" value="true"/>
        <property key="memories.instruction.ram.ranges"
                  value="${memories.instruction.ram.ranges}"/>
        <property key="memories.programmemory" value="true"/>
        <property key="memories.programmemory.ranges" value="800000-81ffff"/>
        <property key="poweroptions.powerenable" value="true"/>
        <property key="programmerToGoFilePath"
                  value="D:/tmp_files/DIM_dspic33A_test.X/debug/default/DIM_dspic33A_test_ptg"/>
        <property key="programmerToGoImageName" value="DIM_dspic33A_test_ptg"/>
        <property key="programoptions.donoteraseauxmem" value="false"/>
        <property key="programoptions.eraseb4program" value="true"/>
        <property key="programoptions.ledbrightness" value="5"/>
        <property key="programoptions.pgcconfig" value="pull down"/>
        <property key="programoptions.pgcresistor.value" value="4.7"/>
        <property key="programoptions.pgdconfig" value="pull down"/>
        <property key="programoptions.pgdresistor.value" value="4.7"/>
        <property key="programoptions.pgmentry.voltage" value="low"/>
        <property key="programoptions.pgmspeed" value="Min"/>
        <property key="programoptions.preservedataflash" value="false"/>
        <property key="programoptions.preservedataflash.ranges"
                  value="${memories.dataflash.default}"/>
        <property key="programoptions.preserveeeprom" value="false"/>
        <property key="programoptions.preserveeeprom.ranges" value=""/>
        <property key="programoptions.preserveprogram.ranges" value=""/>
        <property key="programoptions.preserveprogramrange" value="false"/>
        <property key="programoptions.preserveuserid" value="false"/>
        <property key="programoptions.program.otpconfig" value="false"/>
        <property key="programoptions.programcalmem" value="false"/>
        <property key="programoptions.programuserotp" value="false"/>
        <property key="programoptions.smart.program" value="When debugging only"/>
        <property key="programoptions.testmodeentrymethod" value="VDDFirst"/>
        <property key="ptgProgramImage" value="true"/>
        <property key="ptgSendImage" value="true"/>
        <property key="toolpack.updateoptions"
                  value="toolpack.updateoptions.specifictoolpack"/>
        <property key="toolpack.updateoptions.packversion" value="1.16.1230"/>
        <property key="voltagevalue" value="3.25"/>
      </Tool>
      <pk4hybrid>
        <property key="ADC1" value="true"/>
        <property key="ADC2" value="true"/>
        <property key="AutoSelectMemRanges" value="auto"/>
        <property key="BISS1" value="true"/>
        <property key="CCP 1" value="true"/>
        <property key="CCP 2" value="true"/>
        <property key="CCP 3" value="true"/>
        <property key="CCP 4" value="true"/>
        <property key="CHANGE NOTICE A" value="true"/>
        <property key="CHANGE NOTICE B" value="true"/>
        <property key="CHANGE NOTICE C" value="true"/>
        <property key="CHANGE NOTICE D" value="true"/>
        <property key="CLC" value="true"/>
        <property key="CM1" value="true"/>
        <property key="CM2" value="true"/>
        <property key="CM3" value="true"/>
        <property key="CM4" value="true"/>
        <property key="CRC" value="true"/>
        <property key="DAC" value="true"/>
        <property key="DMA" value="true"/>
        <property key="FRZ" value="true"/>
        <property key="Freeze All Other Peripherals" value="true"/>
        <property key="HPC" value="true"/>
        <property key="I2C1" value="true"/>
        <property key="I2C2" value="true"/>
        <property key="IOIM1" value="true"/>
        <property key="IOIM2" value="true"/>
        <property key="IOIM3" value="true"/>
        <property key="IOIM4" value="true"/>
        <property key="NVMCRC" value="true"/>
        <property key="NVMECC" value="true"/>
        <property key="PG1" value="true"/>
        <property key="PG2" value="true"/>
        <property key="PG3" value="true"/>
        <property key="PG4" value="true"/>
        <property key="PTG" value="true"/>
        <property key="QEI1" value="true"/>
        <property key="RAMXECC" value="true"/>
        <property key="RAMYECC" value="true"/>
        <property key="SENT1" value="true"/>
        <property key="SENT2" value="true"/>
        <property key="SPI1" value="true"/>
        <property key="SPI2" value="true"/>
        <property key="SPI3" value="true"/>
        <property key="SecureSegment.SegmentProgramming" value="FullChipProgramming"/>
        <property key="TIMER1" value="true"/>
        <property key="ToolFirmwareFilePath"
                  value="Press to browse for a specific firmware version"/>
        <property key="ToolFirmwareOption.UpdateOptions"
                  value="ToolFirmwareOption.UseLatest"/>
        <property key="ToolFirmwareToolPack"
                  value="Press to select which tool pack to use"/>
        <property key="UART1" value="true"/>
        <property key="UART2" value="true"/>
        <property key="UART3" value="true"/>
        <property key="communication.activationmode" value="nohv"/>
        <property key="communication.interface" value=""/>
        <property key="communication.interface.jtag" value="2wire"/>
        <property key="communication.speed" value="${communication.speed.default}"/>
        <property key="debugoptions.debug-startup" value="Use system settings"/>
        <property key="debugoptions.reset-behaviour" value="Use system settings"/>
        <property key="debugoptions.simultaneous.debug" value="false"/>
        <property key="debugoptions.useswbreakpoints" value="false"/>
        <property key="event.recorder.debugger.behavior" value="Running"/>
        <property key="event.recorder.enabled" value="false"/>
        <property key="event.recorder.scvd.files" value=""/>
        <property key="freeze.timers" value="false"/>
        <property key="lastid" value=""/>
        <property key="memories.aux" value="false"/>
        <property key="memories.bootflash" value="true"/>
        <property key="memories.configurationmemory" value="true"/>
        <property key="memories.configurationmemory2" value="true"/>
        <property key="memories.dataflash" value="true"/>
        <property key="memories.eeprom" value="true"/>
        <property key="memories.exclude.configurationmemory" value="true"/>
        <property key="memories.flashdata" value="true"/>
        <property key="memories.id" value="true"/>
        <property key="memories.instruction.ram.ranges"
                  value="${memories.instruction.ram.ranges}"/>
        <property key="memories.programmemory" value="true"/>
        <property key="memories.programmemory.ranges" value="800000-81ffff"/>
        <property key="poweroptions.powerenable" value="true"/>
        <property key="programmerToGoImageName" value="DIM_dspic33A_test_ptg"/>
        <property key="programoptions.donoteraseauxmem" value="false"/>
        <property key="programoptions.eraseb4program" value="true"/>
        <property key="programoptions.ledbrightness" value="5"/>
        <property key="programoptions.pgcconfig" value="pull down"/>
        <property key="programoptions.pgcresistor.value" value="4.7"/>
        <property key="programoptions.pgdconfig" value="pull down"/>
        <property key="programoptions.pgdresistor.value" value="4.7"/>
        <property key="programoptions.pgmentry.voltage" value="low"/>
        <property key="programoptions.pgmspeed" value="Med"/>
        <property key="programoptions.preservedataflash" value="false"/>
        <property key="programoptions.preservedataflash.ranges"
                  value="${memories.dataflash.default}"/>
        <property key="programoptions.preserveeeprom" value="false"/>
        <property key="programoptions.preserveeeprom.ranges" value=""/>
        <property key="programoptions.preserveprogram.ranges" value=""/>
        <property key="programoptions.preserveprogramrange" value="false"/>
        <property key="programoptions.preserveuserid" value="false"/>
        <property key="programoptions.program.otpconfig" value="false"/>
        <property key="programoptions.programcalmem" value="false"/>
        <property key="programoptions.programuserotp" value="false"/>
        <property key="programoptions.smart.program" value="When debugging only"/>
        <property key="programoptions.testmodeentrymethod" value="VDDFirst"/>
        <property key="ptgProgramImage" value="true"/>
        <property key="ptgSendImage" value="true"/>
        <property key="toolpack.updateoptions"
                  value="toolpack.updateoptions.uselatestoolpack"/>
        <property key="toolpack.updateoptions.packversion"
                  value="Press to select which tool pack to use"/>
        <property key="voltagevalue" value="3.25"/>
      </pk4hybrid>
      <pkob4hybrid>
        <property key="ADC1" value="true"/>
        <property key="ADC2" value="true"/>
        <property key="AutoSelectMemRanges" value="auto"/>
        <property key="BISS1" value="true"/>
        <property key="CCP 1" value="true"/>
        <property key="CCP 2" value="true"/>
        <property key="CCP 3" value="true"/>
        <property key="CCP 4" value="true"/>
        <property key="CHANGE NOTICE A" value="true"/>
        <property key="CHANGE NOTICE B" value="true"/>
        <property key="CHANGE NOTICE C" value="true"/>
        <property key="CHANGE NOTICE D" value="true"/>
        <property key="CLC" value="true"/>
        <property key="CM1" value="true"/>
        <property key="CM2" value="true"/>
        <property key="CM3" value="true"/>
        <property key="CM4" value="true"/>
        <property key="CRC" value="true"/>
        <property key="DAC" value="true"/>
        <property key="DMA" value="true"/>
        <property key="FRZ" value="true"/>
        <property key="Freeze All Other Peripherals" value="true"/>
        <property key="HPC" value="true"/>
        <property key="I2C1" value="true"/>
        <property key="I2C2" value="true"/>
        <property key="IOIM1" value="true"/>
        <property key="IOIM2" value="true"/>
        <property key="IOIM3" value="true"/>
        <property key="IOIM4" value="true"/>
        <property key="NVMCRC" value="true"/>
        <property key="NVMECC" value="true"/>
        <property key="PG1" value="true"/>
        <property key="PG2" value="true"/>
        <property key="PG3" value="true"/>
        <property key="PG4" value="true"/>
        <property key="PTG" value="true"/>
        <property key="QEI1" value="true"/>
        <property key="RAMXECC" value="true"/>
        <property key="RAMYECC" value="true"/>
        <property key="SENT1" value="true"/>
        <property key="SENT2" value="true"/>
        <property key="SPI1" value="true"/>
        <property key="SPI2" value="true"/>
        <property key="SPI3" value="true"/>
        <property key="SecureSegment.SegmentProgramming" value="FullChipProgramming"/>
        <property key="TIMER1" value="true"/>
        <property key="ToolFirmwareFilePath"
                  value="Press to browse for a specific firmware version"/>
        <property key="ToolFirmwareOption.UpdateOptions"
                  value="ToolFirmwareOption.UseLatest"/>
        <property key="ToolFirmwareToolPack"
                  value="Press to select which tool pack to use"/>
        <property key="UART1" value="true"/>
        <property key="UART2" value="true"/>
        <property key="UART3" value="true"/>
        <property key="communication.interface" value=""/>
        <property key="communication.interface.jtag" value="2wire"/>
        <property key="communication.speed" value="${communication.speed.default}"/>
        <property key="debugoptions.debug-startup" value="Use system settings"/>
        <property key="debugoptions.reset-behaviour" value="Use system settings"/>
        <property key="debugoptions.simultaneous.debug" value="false"/>
        <property key="debugoptions.useswbreakpoints" value="false"/>
        <property key="event.recorder.debugger.behavior" value="Running"/>
        <property key="event.recorder.enabled" value="false"/>
        <property key="event.recorder.scvd.files" value=""/>
        <property key="freeze.timers" value="false"/>
        <property key="lastid" value=""/>
        <property key="memories.aux" value="false"/>
        <property key="memories.bootflash" value="true"/>
        <property key="memories.configurationmemory" value="true"/>
        <property key="memories.configurationmemory2" value="true"/>
        <property key="memories.dataflash" value="true"/>
        <property key="memories.eeprom" value="true"/>
        <property key="memories.exclude.configurationmemory" value="true"/>
        <property key="memories.flashdata" value="true"/>
        <property key="memories.id" value="true"/>
        <property key="memories.instruction.ram.ranges"
                  value="${memories.instruction.ram.ranges}"/>
        <property key="memories.programmemory" value="true"/>
        <property key="memories.programmemory.ranges" value="800000-81ffff"/>
        <property key="programoptions.donoteraseauxmem" value="false"/>
        <property key="programoptions.eraseb4program" value="true"/>
        <property key="programoptions.pgmentry.voltage" value="low"/>
        <property key="programoptions.pgmspeed" value="Min"/>
        <property key="programoptions.preservedataflash" value="false"/>
        <property key="programoptions.preservedataflash.ranges"
                  value="${memories.dataflash.default}"/>
        <property key="programoptions.preserveeeprom" value="false"/>
        <property key="programoptions.preserveeeprom.ranges" value=""/>
        <property key="programoptions.preserveprogram.ranges" value=""/>
        <property key="programoptions.preserveprogramrange" value="false"/>
        <property key="programoptions.preserveuserid" value="false"/>
        <property key="programoptions.program.otpconfig" value="false"/>
        <property key="programoptions.programcalmem" value="false"/>
        <property key="programoptions.programuserotp" value="false"/>
        <property key="programoptions.smart.program" value="When debugging only"/>
        <property key="programoptions.testmodeentrymethod" value="VDDFirst"/>
        <property key="toolpack.updateoptions"
                  value="toolpack.updateoptions.specifictoolpack"/>
        <property key="toolpack.updateoptions.packversion" value="1.16.1230"/>
      </pkob4hybrid>
    </conf>
  </confs>
</configurationDescriptor>
