<?xml version="1.0" encoding="UTF-8"?>
<project-private xmlns="http://www.netbeans.org/ns/project-private/1">
    <editor-bookmarks xmlns="http://www.netbeans.org/ns/editor-bookmarks/2" lastBookmarkId="0"/>
    <open-files xmlns="http://www.netbeans.org/ns/projectui-open-files/2">
        <group>
            <file>file:/F:/dsPIC_test/AK_GUI/DIM_dspic33A_OLED_200M.X/SSD1309/ssd1309.h</file>
            <file>file:/F:/dsPIC_test/AK_GUI/DIM_dspic33A_OLED_200M.X/JDI_MLCD_driver/JDI_MIP_Display.h</file>
            <file>file:/F:/dsPIC_test/AK_GUI/DIM_dspic33A_OLED_200M.X/main.c</file>
            <file>file:/F:/dsPIC_test/AK_GUI/DIM_dspic33A_OLED_200M.X/SSD1309/oledfont.h</file>
            <file>file:/F:/dsPIC_test/AK_GUI/DIM_dspic33A_OLED_200M.X/SSD1327/SSD1327.h</file>
            <file>file:/F:/dsPIC_test/AK_GUI/DIM_dspic33A_OLED_200M.X/SSD1309/ssd1309.c</file>
            <file>file:/F:/dsPIC_test/AK_GUI/DIM_dspic33A_OLED_200M.X/mcc_generated_files/external_interrupt/src/ext_int.c</file>
            <file>file:/F:/dsPIC_test/AK_GUI/DIM_dspic33A_OLED_200M.X/SSD1309/BG_girl_4bit.h</file>
            <file>file:/F:/dsPIC_test/AK_GUI/DIM_dspic33A_OLED_200M.X/mcc_generated_files/system/src/system.c</file>
            <file>file:/F:/dsPIC_test/AK_GUI/DIM_dspic33A_OLED_200M.X/SSD1309/AK_dsPIC_1.h</file>
            <file>file:/F:/dsPIC_test/AK_GUI/DIM_dspic33A_OLED_200M.X/SSD1327/SSD1327.c</file>
            <file>file:/F:/dsPIC_test/AK_GUI/DIM_dspic33A_OLED_200M.X/SSD1327/logo.h</file>
            <file>file:/F:/dsPIC_test/AK_GUI/DIM_dspic33A_OLED_200M.X/SSD1309/bmp.h</file>
            <file>file:/F:/dsPIC_test/AK_GUI/DIM_dspic33A_OLED_200M.X/mcc_generated_files/timer/src/sccp1.c</file>
            <file>file:/F:/dsPIC_test/AK_GUI/DIM_dspic33A_OLED_200M.X/mcc_generated_files/pwm_hs/src/pwm.c</file>
            <file>file:/F:/dsPIC_test/AK_GUI/DIM_dspic33A_OLED_200M.X/mcc_generated_files/timer/src/tmr1.c</file>
            <file>file:/F:/dsPIC_test/AK_GUI/DIM_dspic33A_OLED_200M.X/mcc_generated_files/timer/src/sccp2.c</file>
        </group>
    </open-files>
</project-private>
