<?xml version="1.0" encoding="UTF-8"?>
<project-private xmlns="http://www.netbeans.org/ns/project-private/1">
    <editor-bookmarks xmlns="http://www.netbeans.org/ns/editor-bookmarks/2" lastBookmarkId="0"/>
    <open-files xmlns="http://www.netbeans.org/ns/projectui-open-files/2">
        <group>
            <file>file:/Users/lingzhou/MPLABXProjects/AK/DIM_dspic33A_OLED_demo.9.16.200M%20works/DIM_dspic33A_OLED_200M.X/mcc_generated_files/timer/delay.h</file>
            <file>file:/Users/lingzhou/MPLABXProjects/AK/DIM_dspic33A_OLED_demo.9.16.200M%20works/DIM_dspic33A_OLED_200M.X/SSD1327/SSD1327.c</file>
            <file>file:/Users/lingzhou/MPLABXProjects/AK/DIM_dspic33A_OLED_demo.9.16.200M%20works/DIM_dspic33A_OLED_200M.X/mcc_generated_files/spi_host/spi_host_interface.h</file>
            <file>file:/Users/lingzhou/MPLABXProjects/AK/DIM_dspic33A_OLED_demo.9.16.200M%20works/DIM_dspic33A_OLED_200M.X/mcc_generated_files/timer/src/sccp2.c</file>
            <file>file:/Users/lingzhou/MPLABXProjects/AK/DIM_dspic33A_OLED_demo.9.16.200M%20works/DIM_dspic33A_OLED_200M.X/mcc_generated_files/timer/src/delay.c</file>
            <file>file:/Users/lingzhou/MPLABXProjects/AK/DIM_dspic33A_OLED_demo.9.16.200M%20works/DIM_dspic33A_OLED_200M.X/main.c</file>
            <file>file:/Users/lingzhou/MPLABXProjects/AK/DIM_dspic33A_OLED_demo.9.16.200M%20works/DIM_dspic33A_OLED_200M.X/mcc_generated_files/spi_host/spi1.h</file>
            <file>file:/Users/lingzhou/MPLABXProjects/AK/DIM_dspic33A_OLED_demo.9.16.200M%20works/DIM_dspic33A_OLED_200M.X/SSD1327/SSD1327.h</file>
            <file>file:/Users/lingzhou/MPLABXProjects/AK/DIM_dspic33A_OLED_demo.9.16.200M%20works/DIM_dspic33A_OLED_200M.X/mcc_generated_files/timer/sccp2.h</file>
        </group>
    </open-files>
</project-private>
